"Reference","Value","Footprint","Datasheet","Current","Part #","Price","Purpose","Qty"
"C10, C21-C24","100n","Capacitor_SMD:C_0603_1608Metric_Pad1.08x0.95mm_HandSolder","https://datasheets.kyocera-avx.com/KGM_X7R.pdf","","KGM15BR71H104KM","$0.10","","5"
"C11, C13, C20, C27","10u","Capacitor_SMD:C_0603_1608Metric_Pad1.08x0.95mm_HandSolder","https://www.samsungsem.com/resources/file/global/support/product_catalog/MLCC.pdf","","CL10A106MP8NNNC","$0.14","","4"
"C12","10n","Capacitor_SMD:C_0603_1608Metric_Pad1.08x0.95mm_HandSolder","https://connect.kemet.com:7667/gateway/IntelliData-ComponentDocumentation/1.0/download/datasheet/C0603C103K4REC7867","","C0603C103K4REC7867","$0.11","","1"
"C25, C26","8p","Capacitor_SMD:C_0603_1608Metric_Pad1.08x0.95mm_HandSolder","http://www.passivecomponent.com/wp-content/uploads/datasheet/WTC_MLCC_General_Purpose.pdf","","0603N8R0D500CT","$0.10","","2"
"C28, C30-C53","1u","Capacitor_SMD:C_0603_1608Metric_Pad1.08x0.95mm_HandSolder","https://mm.digikey.com/Volume0/opasdata/d220001/medias/docus/658/CL10B105KA8NFNC_Spec.pdf","","CL10B105KA8NFNC","$0.10","","25"
"D10","LED","LED_SMD:LED_0603_1608Metric_Pad1.05x0.95mm_HandSolder","https://mm.digikey.com/Volume0/opasdata/d220001/medias/docus/3633/B1931NG--20D001114U1930.pdf","","B1931NG--20D001114U1930","$0.10","","1"
"D20, D21","RLED","LED_SMD:LED_0603_1608Metric_Pad1.05x0.95mm_HandSolder","https://mm.digikey.com/Volume0/opasdata/d220001/medias/docus/3667/B1931URO-20D000114U1930.pdf","","B1931URO-20D000114U1930","$0.10","","2"
"D30-D53","IN-PI554FCH",".IN-PI554FCH:IN-PI554FCH","https://www.inolux-corp.com/datasheet/SMDLED/Addressable%20LED/IN-PI554FCH.pdf","","IN-PI554FCH","$0.72","","24"
"F10","Fuse","Fuse:Fuse_1206_3216Metric_Pad1.42x1.75mm_HandSolder","https://www.belfuse.com/resources/datasheets/circuitprotection/ds-cp-0zcj-series.pdf","2A","0ZCJ0200FF2C","$0.44","","1"
"H0-H3","MountingHole","MountingHole:MountingHole_3.2mm_M3","~","","","","","4"
"J10","USB_C_Receptacle_USB2.0",".TYPE-C-31-M-12:TYPE-C-31-M-12","https://www.usb.org/sites/default/files/documents/usb_type-c.zip","","TYPE-C-31-M-12","$0.15","","1"
"J20","Conn_02x03_Odd_Even","Connector_PinHeader_2.54mm:PinHeader_2x03_P2.54mm_Vertical_SMD","https://cdn.amphenol-cs.com/media/wysiwyg/files/drawing/54202.pdf","","54202-S0803LF","$0.58","ICSP","1"
"Q30","2N7002L","Package_TO_SOT_SMD:SC-59_Handsoldering","https://www.onsemi.com/pdf/datasheet/2n7002l_fcs-d.pdf","","2N7002L","$0.28","","1"
"R10, R11","5k1","Resistor_SMD:R_0603_1608Metric_Pad0.98x0.95mm_HandSolder","https://www.vishay.com/docs/28705/mcx0x0xpro.pdf","","MCT06030C5101FP500","$0.14","","2"
"R12","2k2","Resistor_SMD:R_0603_1608Metric_Pad0.98x0.95mm_HandSolder","https://www.seielect.com/catalog/sei-rmcf_rmcp.pdf","","RMCF0603FT2K20","$0.10","","1"
"R20, R30, R31","10k","Resistor_SMD:R_0603_1608Metric_Pad0.98x0.95mm_HandSolder","https://www.seielect.com/catalog/sei-rmcf_rmcp.pdf","","RMCF0603FT330R","$0.10","","3"
"R21","0R","Resistor_SMD:R_0603_1608Metric_Pad0.98x0.95mm_HandSolder","https://www.bourns.com/docs/product-datasheets/cr-a-as.pdf","","CR0603AJ/-000EAS","$0.10","","1"
"R22, R23","22Ω","Resistor_SMD:R_0603_1608Metric_Pad0.98x0.95mm_HandSolder","https://www.koaspeer.com/pdfs/RK73-RT.pdf","","RK73H1JRTTD22R0F","$0.13","","2"
"R24, R25, R32","330R","Resistor_SMD:R_0603_1608Metric_Pad0.98x0.95mm_HandSolder","https://www.seielect.com/catalog/sei-rmcf_rmcp.pdf","","RMCF0603FT330R","$0.10","","3"
"SW20","EVQ-PE105K",".EVQ-PE105K:EVQ-PE105K","https://www3.panasonic.biz/ac/e/uacs/download/index.jsp?c=hmi_download","","","","","1"
"TP10, TP12, TP20-TP22, TP25, TP30-TP32","TestPoint","TestPoint:TestPoint_Pad_D1.0mm","~","","","","-- mixed values --","9"
"U10","USBLC6-2SC6","Package_TO_SOT_SMD:SOT-23-6_Handsoldering","https://www.st.com/resource/en/datasheet/usblc6-2.pdf","","USBLC6-2SC6","$0.58","","1"
"U11","RS3236-3.3YF5",".RS3236-3.3YF5:RS3236-3.3YF5","https://www.run-ic.com/upload/goods/20220914/202209140946476934.pdf","","RS3236-3.3YF5","$0.41","","1"
"U20","ATMEGA32U4-AU",".ATMEGA32U4-AU:ATMEGA32U4-AU","http://ww1.microchip.com/downloads/en/DeviceDoc/Atmel-7766-8-bit-AVR-ATmega16U4-32U4_Datasheet.pdf","","ATMEGA32U4-AU","$5.29","","1"
"U21","TSOP4838","OptoDevice:Vishay_MOLD-3Pin","https://www.vishay.com/docs/82489/tsop322.pdf","","TSOP4838","$1.29","","1"
"Y20","16MH","Crystal:Crystal_SMD_3225-4Pin_3.2x2.5mm_HandSoldering","https://support.epson.biz/td/api/doc_check.php?dl=brief_TSX-3225&lang=en","","TSX-3225 16.0000MF18X-AC6","$0.42","","1"
