Ref,Val,Package,PosX,PosY,Rot,Side
C10,100n,C_0603_1608Metric_Pad1.08x0.95mm_HandSolder,96.1375,-75.8,0,bottom
C11,10u,C_0603_1608Metric_Pad1.08x0.95mm_HandSolder,98.5375,-87.2625,-90,bottom
C12,10n,C_0603_1608Metric_Pad1.08x0.95mm_HandSolder,102.3,-84.4375,0,bottom
C13,10u,C_0603_1608Metric_Pad1.08x0.95mm_HandSolder,105.8,-89.1625,-90,bottom
C20,10u,C_0603_1608Metric_Pad1.08x0.95mm_HandSolder,121.45,-87.2,0,bottom
C21,100n,C_0603_1608Metric_Pad1.08x0.95mm_HandSolder,128.65,-87.3,0,bottom
C22,100n,C_0603_1608Metric_Pad1.08x0.95mm_HandSolder,133,-75.55,-90,bottom
C23,100n,C_0603_1608Metric_Pad1.08x0.95mm_HandSolder,115.7,-64.7,90,bottom
C24,100n,C_0603_1608Metric_Pad1.08x0.95mm_HandSolder,112.8,-64.7,90,bottom
C25,8p,C_0603_1608Metric_Pad1.08x0.95mm_HandSolder,131.4,-67.8,180,bottom
C26,8p,C_0603_1608Metric_Pad1.08x0.95mm_HandSolder,127.8375,-67.8,0,bottom
C27,10u,C_0603_1608Metric_Pad1.08x0.95mm_HandSolder,115.5,-78,180,bottom
C28,1u,C_0603_1608Metric_Pad1.08x0.95mm_HandSolder,115.5,-79.7,180,bottom
D10,LED,LED_0603_1608Metric_Pad1.05x0.95mm_HandSolder,108.325,-90.3,0,bottom
D20,RLED,LED_0603_1608Metric_Pad1.05x0.95mm_HandSolder,133.3,-86.075,90,bottom
F10,Fuse,Fuse_1206_3216Metric_Pad1.42x1.75mm_HandSolder,97.05,-82,180,bottom
J10,USB_C_Receptacle_USB2.0,TYPE-C-31-M-12,86,-79.1875,90,bottom
J20,Conn_02x03_Odd_Even,PinHeader_2x03_P2.54mm_Vertical_SMD,105.7,-61.2975,180,bottom
Q30,2N7002L,SC-59_Handsoldering,138.3,-83.05,90,bottom
R10,5k1,R_0603_1608Metric_Pad0.98x0.95mm_HandSolder,89.9,-72.8,0,bottom
R11,5k1,R_0603_1608Metric_Pad0.98x0.95mm_HandSolder,89.9,-85.6,0,bottom
R12,2k2,R_0603_1608Metric_Pad0.98x0.95mm_HandSolder,109.2,-87.3875,-90,bottom
R20,10k,R_0603_1608Metric_Pad0.98x0.95mm_HandSolder,112,-69,-90,bottom
R21,0R,R_0603_1608Metric_Pad0.98x0.95mm_HandSolder,127.8875,-69.6,0,bottom
R22,22Ω,R_0603_1608Metric_Pad0.98x0.95mm_HandSolder,103.5125,-77.9,0,bottom
R23,22Ω,R_0603_1608Metric_Pad0.98x0.95mm_HandSolder,103.5125,-79.8,0,bottom
R24,330R,R_0603_1608Metric_Pad0.98x0.95mm_HandSolder,133.3,-82.5,-90,bottom
R30,10k,R_0603_1608Metric_Pad0.98x0.95mm_HandSolder,138.3,-77.4875,90,bottom
R31,10k,R_0603_1608Metric_Pad0.98x0.95mm_HandSolder,136.3,-86.9,180,bottom
R32,330R,R_0603_1608Metric_Pad0.98x0.95mm_HandSolder,140,-86.9,0,bottom
SW20,EVQ-PE105K,EVQ-PE105K,105.7,-68.1,0,bottom
U10,USBLC6-2SC6,SOT-23-6_Handsoldering,97.05,-78.8,0,bottom
U11,RS3236-3.3YF5,RS3236-3.3YF5,102.3,-87.35,0,bottom
U20,ATMEGA32U4-AU,ATMEGA32U4-AU,125.05,-79.1875,0,bottom
Y20,16MH,Crystal_SMD_3225-4Pin_3.2x2.5mm_HandSoldering,129.6375,-63.7,180,bottom
